CREATE DATABASE  IF NOT EXISTS `room-management-web` /*!40100 DEFAULT CHARACTER SET utf8mb4 COLLATE utf8mb4_0900_ai_ci */ /*!80016 DEFAULT ENCRYPTION='N' */;
USE `room-management-web`;
-- MySQL dump 10.13  Distrib 8.0.30, for Win64 (x86_64)
--
-- Host: localhost    Database: room-management-web
-- ------------------------------------------------------
-- Server version	8.0.30

/*!40101 SET @OLD_CHARACTER_SET_CLIENT=@@CHARACTER_SET_CLIENT */;
/*!40101 SET @OLD_CHARACTER_SET_RESULTS=@@CHARACTER_SET_RESULTS */;
/*!40101 SET @OLD_COLLATION_CONNECTION=@@COLLATION_CONNECTION */;
/*!50503 SET NAMES utf8 */;
/*!40103 SET @OLD_TIME_ZONE=@@TIME_ZONE */;
/*!40103 SET TIME_ZONE='+00:00' */;
/*!40014 SET @OLD_UNIQUE_CHECKS=@@UNIQUE_CHECKS, UNIQUE_CHECKS=0 */;
/*!40014 SET @OLD_FOREIGN_KEY_CHECKS=@@FOREIGN_KEY_CHECKS, FOREIGN_KEY_CHECKS=0 */;
/*!40101 SET @OLD_SQL_MODE=@@SQL_MODE, SQL_MODE='NO_AUTO_VALUE_ON_ZERO' */;
/*!40111 SET @OLD_SQL_NOTES=@@SQL_NOTES, SQL_NOTES=0 */;

--
-- Table structure for table `checkout_request`
--

DROP TABLE IF EXISTS `checkout_request`;
/*!40101 SET @saved_cs_client     = @@character_set_client */;
/*!50503 SET character_set_client = utf8mb4 */;
CREATE TABLE `checkout_request` (
  `ID` int NOT NULL AUTO_INCREMENT,
  `ROOM_ID` int NOT NULL,
  `USER_ID` int NOT NULL,
  `REQUEST_DATE` date NOT NULL,
  `STATUS` varchar(50) NOT NULL,
  `REASON` text,
  `CREATED_AT` timestamp NULL DEFAULT CURRENT_TIMESTAMP,
  `UPDATED_AT` timestamp NULL DEFAULT CURRENT_TIMESTAMP ON UPDATE CURRENT_TIMESTAMP,
  PRIMARY KEY (`ID`)
) ENGINE=InnoDB DEFAULT CHARSET=utf8mb4 COLLATE=utf8mb4_0900_ai_ci;
/*!40101 SET character_set_client = @saved_cs_client */;

--
-- Dumping data for table `checkout_request`
--

LOCK TABLES `checkout_request` WRITE;
/*!40000 ALTER TABLE `checkout_request` DISABLE KEYS */;
/*!40000 ALTER TABLE `checkout_request` ENABLE KEYS */;
UNLOCK TABLES;

--
-- Table structure for table `contract`
--

DROP TABLE IF EXISTS `contract`;
/*!40101 SET @saved_cs_client     = @@character_set_client */;
/*!50503 SET character_set_client = utf8mb4 */;
CREATE TABLE `contract` (
  `ID` int NOT NULL AUTO_INCREMENT,
  `ROOM_ID` int NOT NULL,
  `USER_ID` int NOT NULL,
  `START_DATE` timestamp NULL DEFAULT NULL,
  `END_DATE` timestamp NULL DEFAULT NULL,
  `DEPOSIT` decimal(10,2) NOT NULL,
  `MONTHLY_RENT` decimal(10,2) NOT NULL,
  `STATUS` varchar(50) NOT NULL,
  `CREATED_AT` timestamp NULL DEFAULT CURRENT_TIMESTAMP,
  `UPDATED_AT` timestamp NULL DEFAULT CURRENT_TIMESTAMP ON UPDATE CURRENT_TIMESTAMP,
  `TRANSACTION_ID` varchar(100) DEFAULT NULL,
  PRIMARY KEY (`ID`)
) ENGINE=InnoDB AUTO_INCREMENT=42 DEFAULT CHARSET=utf8mb4 COLLATE=utf8mb4_0900_ai_ci;
/*!40101 SET character_set_client = @saved_cs_client */;

--
-- Dumping data for table `contract`
--

LOCK TABLES `contract` WRITE;
/*!40000 ALTER TABLE `contract` DISABLE KEYS */;
INSERT INTO `contract` VALUES (15,2,146,'2025-05-09 10:00:00','2025-05-30 10:00:00',1000.00,5000.00,'ACTIVE','2025-05-10 01:31:20','2025-05-10 01:31:20','5d3006b4-d6a2-4e39-a741-6be84108fec2'),(16,9,148,'2025-05-16 10:00:00','2025-05-21 00:00:00',0.00,10000.00,'ACTIVE','2025-05-10 04:39:30','2025-05-10 04:39:30','3989c05c-2f93-4191-a59b-0494088446a1'),(17,7,148,'2025-05-16 10:00:00','2025-05-21 00:00:00',0.00,10000.00,'ACTIVE','2025-05-10 04:39:30','2025-05-10 04:39:30','3989c05c-2f93-4191-a59b-0494088446a1'),(18,5,149,'2025-05-18 10:00:08','2025-05-18 10:00:07',0.00,1213.00,'ACTIVE','2025-05-19 15:51:08','2025-05-19 15:51:08','120cb7f5-ff71-49eb-a7f9-f027ad9d4415'),(19,10,151,'2025-05-18 10:00:00',NULL,0.00,0.00,'ACTIVE','2025-05-19 15:53:14','2025-05-19 15:53:14','77c99664-ce49-434f-86cd-c742bdcc79a8'),(20,11,152,'2025-05-18 10:00:08',NULL,0.00,0.00,'ACTIVE','2025-05-19 16:00:20','2025-05-19 16:00:20','c866a805-8646-4d24-bc46-ca33cc4cb4ef'),(21,12,153,'2025-05-18 10:00:08',NULL,0.00,123.00,'ACTIVE','2025-05-19 16:02:34','2025-05-19 16:02:34','0594cf6b-6245-4d50-a2da-75091d577857'),(22,13,154,'2025-05-18 10:00:08',NULL,0.00,123.00,'ACTIVE','2025-05-19 16:05:02','2025-05-19 16:05:02','e85e1c68-45f3-441d-aa6a-b257c32ac019'),(23,14,155,'2025-05-18 10:00:08',NULL,0.00,0.00,'ACTIVE','2025-05-19 16:08:52','2025-05-19 16:08:52','ecc350ab-5030-4c47-abde-57ccd723b284'),(24,15,156,'2025-05-18 10:00:00',NULL,0.00,0.00,'ACTIVE','2025-05-19 16:10:55','2025-05-19 16:10:55','bfd07ef9-6fdf-4f8c-b553-7b5e36b76710'),(25,16,157,'2025-05-06 10:00:00',NULL,0.00,0.00,'ACTIVE','2025-05-19 16:13:04','2025-05-19 16:13:04','b32aab3b-ee38-45bb-89b5-769a8813e215'),(26,17,159,'2025-05-20 10:00:08','2025-05-20 10:00:08',0.00,123123.00,'ACTIVE','2025-05-20 17:27:21','2025-05-20 17:27:21','6271a681-e246-44b6-a945-246efcbee921'),(27,18,160,'2025-05-20 10:00:00','2025-05-20 10:00:00',0.00,100.00,'ACTIVE','2025-05-20 17:43:37','2025-05-20 17:43:37','e6666c24-0655-494b-bb7f-7d930ce6616f'),(28,19,161,'2025-05-20 10:00:08','2025-05-20 10:00:08',0.00,10000.00,'ACTIVE','2025-05-20 17:52:15','2025-05-20 17:52:15','fc53b816-d260-4bf7-afa6-7c65b144ae48'),(29,20,162,'2025-05-20 10:00:00','2025-05-20 10:00:08',0.00,0.00,'ACTIVE','2025-05-20 17:54:18','2025-05-20 17:54:18','748346de-80f7-491e-bfb8-f5fe9a9e1bff'),(30,21,163,'2025-05-20 10:00:08','2025-05-20 10:00:07',0.00,0.00,'ACTIVE','2025-05-20 17:56:18','2025-05-20 17:56:18','3cb6cad0-5a8d-419c-b855-47cacc7a528f'),(31,22,164,'2025-05-20 10:00:05','2025-05-20 10:00:05',0.00,0.00,'ACTIVE','2025-05-20 17:57:20','2025-05-20 17:57:20','c9dc7fe5-fdc9-4c9e-9ba2-c8fcbbfe620b'),(32,23,165,'2025-05-20 10:08:00','2025-05-20 10:06:00',0.00,0.00,'ACTIVE','2025-05-20 17:58:59','2025-05-20 17:58:59','2fdd033c-b669-4577-83a9-a5cda5bde7c0'),(33,24,166,'2025-05-21 10:08:00','2025-05-21 10:00:08',0.00,0.00,'ACTIVE','2025-05-21 17:33:44','2025-05-21 17:33:44','d53ca33e-51c7-47bd-bdcf-c072429726fe'),(37,25,170,'2025-04-30 10:00:00','2025-05-21 17:00:00',0.00,0.00,'ACTIVE','2025-05-21 18:22:55','2025-05-21 18:22:55','f91253ce-4fee-48ee-8067-7c2857e3ace3'),(41,26,174,'2025-05-23 10:00:00','2025-05-23 10:00:08',0.00,0.00,'ACTIVE','2025-05-24 08:30:14','2025-05-24 08:30:14','82c71cda-dac9-449a-b55e-e52a6542a88c');
/*!40000 ALTER TABLE `contract` ENABLE KEYS */;
UNLOCK TABLES;

--
-- Table structure for table `invoice`
--

DROP TABLE IF EXISTS `invoice`;
/*!40101 SET @saved_cs_client     = @@character_set_client */;
/*!50503 SET character_set_client = utf8mb4 */;
CREATE TABLE `invoice` (
  `ID` int NOT NULL AUTO_INCREMENT,
  `NOTE` text,
  `TOTAL_PRICE` decimal(10,2) NOT NULL,
  `DUE_DATE` timestamp NULL DEFAULT NULL,
  `PAYMENT_DATE` timestamp NULL DEFAULT NULL,
  `STATUS` varchar(50) NOT NULL,
  `PAYMENT_ID` int DEFAULT NULL,
  `CREATED_AT` timestamp NULL DEFAULT CURRENT_TIMESTAMP,
  `UPDATED_AT` timestamp NULL DEFAULT CURRENT_TIMESTAMP ON UPDATE CURRENT_TIMESTAMP,
  `CONTRACT_ID` int DEFAULT NULL,
  `YEAR_CALCULATE` int DEFAULT NULL,
  `MONTH_CALCULATE` int DEFAULT NULL,
  PRIMARY KEY (`ID`)
) ENGINE=InnoDB AUTO_INCREMENT=15 DEFAULT CHARSET=utf8mb4 COLLATE=utf8mb4_0900_ai_ci;
/*!40101 SET character_set_client = @saved_cs_client */;

--
-- Dumping data for table `invoice`
--

LOCK TABLES `invoice` WRITE;
/*!40000 ALTER TABLE `invoice` DISABLE KEYS */;
INSERT INTO `invoice` VALUES (1,NULL,10159123.00,NULL,'2025-04-17 17:03:05','PAID',1,'2025-04-17 17:03:05','2025-04-21 17:13:11',1,2025,4),(5,NULL,11423777.00,NULL,'2025-04-17 17:03:05','PAID',NULL,'2025-04-19 17:41:40','2025-04-20 02:50:45',1,2024,4),(6,NULL,125123.00,NULL,'2025-04-17 17:03:05','PAID',NULL,'2025-04-19 17:41:40','2025-04-20 03:10:27',9,2024,4),(7,NULL,152000.00,NULL,'2025-04-17 17:03:05','PAID',NULL,'2025-04-19 17:54:22','2025-04-21 17:13:11',9,2025,4),(8,NULL,13991603.00,NULL,NULL,'UNPAID',NULL,'2025-05-11 18:16:34','2025-05-11 18:16:34',16,2025,5),(9,NULL,2536884.00,NULL,NULL,'UNPAID',NULL,'2025-05-13 18:12:34','2025-05-13 18:12:34',15,2025,4),(10,NULL,2536884.00,NULL,NULL,'UNPAID',NULL,'2025-05-20 17:14:27','2025-05-20 17:14:27',15,2025,5),(12,NULL,1523777.00,NULL,NULL,'UNPAID',NULL,'2025-05-20 17:28:32','2025-05-20 17:28:32',26,2025,5),(13,NULL,786210.00,NULL,NULL,'UNPAID',NULL,'2025-05-21 18:25:10','2025-05-21 18:25:10',37,2025,5),(14,NULL,12312300.00,NULL,NULL,'UNPAID',NULL,'2025-05-24 08:31:29','2025-05-24 08:31:29',41,2025,5);
/*!40000 ALTER TABLE `invoice` ENABLE KEYS */;
UNLOCK TABLES;

--
-- Table structure for table `maintenance_fee`
--

DROP TABLE IF EXISTS `maintenance_fee`;
/*!40101 SET @saved_cs_client     = @@character_set_client */;
/*!50503 SET character_set_client = utf8mb4 */;
CREATE TABLE `maintenance_fee` (
  `ID` int NOT NULL AUTO_INCREMENT,
  `MAINTENANCE_REQUEST_ID` int NOT NULL,
  `PRICE` decimal(10,2) NOT NULL,
  `SERVICE_ROOM_ID` int NOT NULL,
  `CREATED_AT` timestamp NULL DEFAULT CURRENT_TIMESTAMP,
  `UPDATED_AT` timestamp NULL DEFAULT CURRENT_TIMESTAMP ON UPDATE CURRENT_TIMESTAMP,
  PRIMARY KEY (`ID`)
) ENGINE=InnoDB AUTO_INCREMENT=2 DEFAULT CHARSET=utf8mb4 COLLATE=utf8mb4_0900_ai_ci;
/*!40101 SET character_set_client = @saved_cs_client */;

--
-- Dumping data for table `maintenance_fee`
--

LOCK TABLES `maintenance_fee` WRITE;
/*!40000 ALTER TABLE `maintenance_fee` DISABLE KEYS */;
INSERT INTO `maintenance_fee` VALUES (1,1,123123.00,1,'2025-04-17 18:21:59','2025-04-17 18:21:59');
/*!40000 ALTER TABLE `maintenance_fee` ENABLE KEYS */;
UNLOCK TABLES;

--
-- Table structure for table `maintenance_request`
--

DROP TABLE IF EXISTS `maintenance_request`;
/*!40101 SET @saved_cs_client     = @@character_set_client */;
/*!50503 SET character_set_client = utf8mb4 */;
CREATE TABLE `maintenance_request` (
  `ID` int NOT NULL AUTO_INCREMENT,
  `STATUS` varchar(50) NOT NULL,
  `REQUEST_DATE` date NOT NULL,
  `DECISION` text,
  `TOTAL_FEE` decimal(10,2) DEFAULT NULL,
  `CREATED_AT` timestamp NULL DEFAULT CURRENT_TIMESTAMP,
  `UPDATED_AT` timestamp NULL DEFAULT CURRENT_TIMESTAMP ON UPDATE CURRENT_TIMESTAMP,
  `CONTRACT_ID` int DEFAULT NULL,
  `REQUEST_DONE_DATE` timestamp NULL DEFAULT NULL,
  `SERVICE_ROOM_ID` int DEFAULT NULL,
  PRIMARY KEY (`ID`)
) ENGINE=InnoDB AUTO_INCREMENT=6 DEFAULT CHARSET=utf8mb4 COLLATE=utf8mb4_0900_ai_ci;
/*!40101 SET character_set_client = @saved_cs_client */;

--
-- Dumping data for table `maintenance_request`
--

LOCK TABLES `maintenance_request` WRITE;
/*!40000 ALTER TABLE `maintenance_request` DISABLE KEYS */;
INSERT INTO `maintenance_request` VALUES (1,'COMPLETED','2025-04-13','không dùng đc',100000.00,NULL,'2025-04-19 16:36:05',1,'2025-04-15 16:34:23',NULL),(2,'IN_PROGRESS','2025-04-13','bao',NULL,NULL,'2025-04-17 18:14:34',1,'2025-04-15 16:34:23',NULL),(3,'IN_PROGRESS','2025-04-13','s',NULL,NULL,'2025-04-17 18:14:34',1,'2025-04-15 16:34:23',NULL),(4,'IN_PROGRESS','2025-04-15','dsas',NULL,'2025-04-15 16:34:23','2025-04-17 18:14:34',1,'2025-04-15 16:34:23',NULL),(5,'IN_PROGRESS','2025-05-13','324234',NULL,'2025-05-13 16:54:05','2025-05-13 16:54:05',16,NULL,NULL);
/*!40000 ALTER TABLE `maintenance_request` ENABLE KEYS */;
UNLOCK TABLES;

--
-- Table structure for table `payment`
--

DROP TABLE IF EXISTS `payment`;
/*!40101 SET @saved_cs_client     = @@character_set_client */;
/*!50503 SET character_set_client = utf8mb4 */;
CREATE TABLE `payment` (
  `ID` int NOT NULL AUTO_INCREMENT,
  `METHOD` varchar(50) NOT NULL,
  `STATUS` varchar(50) NOT NULL,
  `CREATED_AT` timestamp NULL DEFAULT CURRENT_TIMESTAMP,
  `UPDATED_AT` timestamp NULL DEFAULT CURRENT_TIMESTAMP ON UPDATE CURRENT_TIMESTAMP,
  PRIMARY KEY (`ID`)
) ENGINE=InnoDB AUTO_INCREMENT=2 DEFAULT CHARSET=utf8mb4 COLLATE=utf8mb4_0900_ai_ci;
/*!40101 SET character_set_client = @saved_cs_client */;

--
-- Dumping data for table `payment`
--

LOCK TABLES `payment` WRITE;
/*!40000 ALTER TABLE `payment` DISABLE KEYS */;
INSERT INTO `payment` VALUES (1,'VNPAY','ACTIVE','2025-04-17 17:02:34','2025-04-17 17:02:34');
/*!40000 ALTER TABLE `payment` ENABLE KEYS */;
UNLOCK TABLES;

--
-- Table structure for table `role`
--

DROP TABLE IF EXISTS `role`;
/*!40101 SET @saved_cs_client     = @@character_set_client */;
/*!50503 SET character_set_client = utf8mb4 */;
CREATE TABLE `role` (
  `ID` int NOT NULL AUTO_INCREMENT,
  `NAME` varchar(50) NOT NULL,
  `CREATED_AT` timestamp NULL DEFAULT CURRENT_TIMESTAMP,
  `UPDATED_AT` timestamp NULL DEFAULT CURRENT_TIMESTAMP ON UPDATE CURRENT_TIMESTAMP,
  PRIMARY KEY (`ID`)
) ENGINE=InnoDB AUTO_INCREMENT=3 DEFAULT CHARSET=utf8mb4 COLLATE=utf8mb4_0900_ai_ci;
/*!40101 SET character_set_client = @saved_cs_client */;

--
-- Dumping data for table `role`
--

LOCK TABLES `role` WRITE;
/*!40000 ALTER TABLE `role` DISABLE KEYS */;
INSERT INTO `role` VALUES (1,'ADMIN','2025-04-19 07:06:01','2025-04-27 16:00:56'),(2,'USER','2025-04-19 07:06:01','2025-04-19 07:06:01');
/*!40000 ALTER TABLE `role` ENABLE KEYS */;
UNLOCK TABLES;

--
-- Table structure for table `room`
--

DROP TABLE IF EXISTS `room`;
/*!40101 SET @saved_cs_client     = @@character_set_client */;
/*!50503 SET character_set_client = utf8mb4 */;
CREATE TABLE `room` (
  `ID` int NOT NULL AUTO_INCREMENT,
  `NUMBER` varchar(50) NOT NULL,
  `LENGTH` decimal(5,2) DEFAULT NULL,
  `WIDTH` decimal(5,2) DEFAULT NULL,
  `STATUS` varchar(50) NOT NULL,
  `NOTE` text,
  `CREATED_AT` timestamp NULL DEFAULT CURRENT_TIMESTAMP,
  `UPDATED_AT` timestamp NULL DEFAULT CURRENT_TIMESTAMP ON UPDATE CURRENT_TIMESTAMP,
  `NAME` varchar(100) CHARACTER SET utf8mb3 COLLATE utf8mb3_general_ci DEFAULT NULL,
  `PRICE` decimal(10,2) DEFAULT NULL,
  PRIMARY KEY (`ID`)
) ENGINE=InnoDB AUTO_INCREMENT=27 DEFAULT CHARSET=utf8mb4 COLLATE=utf8mb4_0900_ai_ci;
/*!40101 SET character_set_client = @saved_cs_client */;

--
-- Dumping data for table `room`
--

LOCK TABLES `room` WRITE;
/*!40000 ALTER TABLE `room` DISABLE KEYS */;
INSERT INTO `room` VALUES (2,'2',34.00,2.00,'RENTED','ổn áp đấy ','2025-03-31 16:44:44','2025-05-19 15:50:40',NULL,99999.00),(5,'34',999.00,999.00,'RENTED','đã ghi chú ','2025-04-02 15:02:30','2025-05-19 15:51:08',NULL,1213.00),(7,'12',2.00,2.00,'RENTED','2','2025-04-02 15:19:08','2025-04-20 04:02:08','N5',NULL),(9,'133',23.00,33.00,'RENTED','1','2025-04-02 15:34:44','2025-05-10 04:39:30','N6',NULL),(10,'0',123.00,123.00,'RENTED','123','2025-04-30 01:25:27','2025-05-19 15:53:14',NULL,NULL),(11,'0',12.00,21.00,'RENTED','đ','2025-04-30 01:27:22','2025-05-19 16:00:20',NULL,NULL),(12,'0',100.00,10.00,'RENTED','đã thuê','2025-05-08 16:03:53','2025-05-19 16:02:34',NULL,NULL),(13,'hieu',123.00,123.00,'RENTED',NULL,'2025-05-19 16:03:44','2025-05-19 16:05:02',NULL,123.00),(14,'okr',NULL,NULL,'RENTED',NULL,'2025-05-19 16:08:31','2025-05-19 16:08:52',NULL,0.00),(15,'nmnm',NULL,NULL,'RENTED',NULL,'2025-05-19 16:10:31','2025-05-19 16:10:55',NULL,0.00),(16,'hjhjhj',NULL,NULL,'RENTED',NULL,'2025-05-19 16:12:47','2025-05-19 16:13:04',NULL,0.00),(17,'Test tính tiền',999.00,999.00,'RENTED',NULL,'2025-05-20 17:26:05','2025-05-20 17:27:21',NULL,123123.00),(18,'Test',NULL,NULL,'RENTED',NULL,'2025-05-20 17:37:26','2025-05-20 17:43:37',NULL,100.00),(19,'hieuv2',NULL,NULL,'RENTED',NULL,'2025-05-20 17:51:13','2025-05-20 17:52:15',NULL,10000.00),(20,'l,knj',NULL,NULL,'RENTED',NULL,'2025-05-20 17:53:21','2025-05-20 17:54:18',NULL,0.00),(21,'hjbk',NULL,NULL,'RENTED',NULL,'2025-05-20 17:55:28','2025-05-20 17:56:18',NULL,0.00),(22,'nbvnbn',NULL,NULL,'RENTED',NULL,'2025-05-20 17:56:38','2025-05-20 17:57:20',NULL,0.00),(23,'ghjhj',213.00,NULL,'RENTED',NULL,'2025-05-20 17:58:21','2025-05-20 17:58:59',NULL,0.00),(24,'1213',123.00,123.00,'RENTED',NULL,'2025-05-21 17:33:08','2025-05-21 17:33:44',NULL,0.00),(25,'test tiếp',NULL,NULL,'RENTED',NULL,'2025-05-21 18:10:59','2025-05-21 18:22:55',NULL,0.00),(26,'Test 1',NULL,NULL,'RENTED',NULL,'2025-05-24 08:25:43','2025-05-24 08:30:14',NULL,0.00);
/*!40000 ALTER TABLE `room` ENABLE KEYS */;
UNLOCK TABLES;

--
-- Table structure for table `room_member`
--

DROP TABLE IF EXISTS `room_member`;
/*!40101 SET @saved_cs_client     = @@character_set_client */;
/*!50503 SET character_set_client = utf8mb4 */;
CREATE TABLE `room_member` (
  `ID` int NOT NULL AUTO_INCREMENT,
  `CREATED_AT` timestamp NULL DEFAULT CURRENT_TIMESTAMP,
  `UPDATED_AT` timestamp NULL DEFAULT CURRENT_TIMESTAMP ON UPDATE CURRENT_TIMESTAMP,
  `CONTRACT_ID` int DEFAULT NULL,
  `USER_ID` int DEFAULT NULL,
  PRIMARY KEY (`ID`)
) ENGINE=InnoDB AUTO_INCREMENT=121 DEFAULT CHARSET=utf8mb4 COLLATE=utf8mb4_0900_ai_ci;
/*!40101 SET character_set_client = @saved_cs_client */;

--
-- Dumping data for table `room_member`
--

LOCK TABLES `room_member` WRITE;
/*!40000 ALTER TABLE `room_member` DISABLE KEYS */;
INSERT INTO `room_member` VALUES (31,'2025-04-13 07:45:10','2025-04-19 07:40:47',1,1),(32,'2025-04-13 07:45:10','2025-04-19 07:40:47',1,2),(33,'2025-04-13 07:45:10','2025-04-19 07:40:47',1,1),(34,'2025-04-13 07:45:10','2025-04-19 07:40:47',1,1),(35,'2025-04-13 07:45:10','2025-04-19 07:40:47',1,1),(36,'2025-04-13 07:45:10','2025-04-19 07:40:47',1,1),(37,'2025-04-13 07:45:10','2025-04-19 07:40:47',1,1),(38,'2025-04-13 07:45:10','2025-04-19 07:40:47',1,1),(39,'2025-04-13 07:45:10','2025-04-19 07:40:47',1,1),(40,'2025-04-13 07:45:10','2025-04-19 07:40:47',1,1),(41,'2025-04-13 07:45:19','2025-04-19 07:40:47',1,1),(42,'2025-04-13 07:45:19','2025-04-19 07:40:47',1,1),(43,'2025-04-13 07:45:19','2025-04-19 07:40:47',1,1),(60,'2025-04-15 16:34:06','2025-04-19 07:40:47',1,1),(61,'2025-04-15 16:34:06','2025-04-19 07:40:47',1,1),(62,'2025-04-15 16:34:06','2025-04-19 07:40:47',1,1),(63,'2025-04-19 07:06:20','2025-04-19 07:40:47',1,1),(64,'2025-04-19 07:06:20','2025-04-19 07:40:47',1,1),(77,'2025-04-19 07:46:03','2025-04-19 07:46:03',9,99),(78,'2025-04-19 07:46:03','2025-04-19 07:46:03',9,100),(89,'2025-05-10 01:31:20','2025-05-10 01:31:20',15,145),(90,'2025-05-10 01:31:20','2025-05-10 01:31:20',15,146),(93,'2025-05-13 16:53:42','2025-05-13 16:53:42',16,6),(94,'2025-05-13 16:53:42','2025-05-13 16:53:42',16,147),(95,'2025-05-13 16:53:42','2025-05-13 16:53:42',16,148),(96,'2025-05-19 15:51:08','2025-05-19 15:51:08',18,149),(97,'2025-05-19 15:53:14','2025-05-19 15:53:14',19,151),(98,'2025-05-19 16:00:20','2025-05-19 16:00:20',20,152),(99,'2025-05-19 16:02:34','2025-05-19 16:02:34',21,153),(100,'2025-05-19 16:05:02','2025-05-19 16:05:02',22,154),(101,'2025-05-19 16:08:52','2025-05-19 16:08:52',23,155),(102,'2025-05-19 16:10:55','2025-05-19 16:10:55',24,156),(103,'2025-05-19 16:13:04','2025-05-19 16:13:04',25,157),(104,'2025-05-20 17:27:21','2025-05-20 17:27:21',26,158),(105,'2025-05-20 17:27:21','2025-05-20 17:27:21',26,159),(106,'2025-05-20 17:43:37','2025-05-20 17:43:37',27,160),(107,'2025-05-20 17:52:15','2025-05-20 17:52:15',28,161),(108,'2025-05-20 17:54:18','2025-05-20 17:54:18',29,162),(109,'2025-05-20 17:56:18','2025-05-20 17:56:18',30,163),(110,'2025-05-20 17:57:20','2025-05-20 17:57:20',31,164),(111,'2025-05-20 17:58:59','2025-05-20 17:58:59',32,165),(112,'2025-05-21 17:33:44','2025-05-21 17:33:44',33,166),(116,'2025-05-21 18:22:55','2025-05-21 18:22:55',37,170),(120,'2025-05-24 08:30:14','2025-05-24 08:30:14',41,174);
/*!40000 ALTER TABLE `room_member` ENABLE KEYS */;
UNLOCK TABLES;

--
-- Table structure for table `service`
--

DROP TABLE IF EXISTS `service`;
/*!40101 SET @saved_cs_client     = @@character_set_client */;
/*!50503 SET character_set_client = utf8mb4 */;
CREATE TABLE `service` (
  `ID` int NOT NULL AUTO_INCREMENT,
  `NAME` varchar(100) NOT NULL,
  `IS_ACTIVE` tinyint(1) DEFAULT '1',
  `CREATED_AT` timestamp NULL DEFAULT CURRENT_TIMESTAMP,
  `UPDATED_AT` timestamp NULL DEFAULT CURRENT_TIMESTAMP ON UPDATE CURRENT_TIMESTAMP,
  `SERVICE_TYPE` varchar(40) DEFAULT NULL,
  `PRICE` decimal(10,2) DEFAULT NULL,
  PRIMARY KEY (`ID`)
) ENGINE=InnoDB AUTO_INCREMENT=11 DEFAULT CHARSET=utf8mb4 COLLATE=utf8mb4_0900_ai_ci;
/*!40101 SET character_set_client = @saved_cs_client */;

--
-- Dumping data for table `service`
--

LOCK TABLES `service` WRITE;
/*!40000 ALTER TABLE `service` DISABLE KEYS */;
INSERT INTO `service` VALUES (1,'Water Heater (Bình nước nóng)',1,'2025-04-12 04:52:01','2025-05-19 18:26:27','OTHER',123123.00),(2,'Console (Bảng điều khiển)',1,'2025-04-12 04:52:01','2025-04-19 07:46:57','OTHER',34324.00),(3,'Wifi',1,'2025-04-12 04:52:01','2025-04-19 07:46:57','OTHER',1237867.00),(4,'Air Conditioner (Máy lạnh)',1,'2025-04-12 04:52:01','2025-04-19 07:46:57','OTHER',4545.00),(5,'Refrigerator (Tủ lạnh)',1,'2025-04-12 04:52:01','2025-04-19 07:46:57','OTHER',4545.00),(6,'Washing Machine (Máy giặt)',1,'2025-04-12 04:52:01','2025-04-19 07:46:57','OTHER',4545.00),(7,'Dryer(Máy sấy)',1,'2025-04-12 04:52:01','2025-04-19 07:46:57','OTHER',2414.00),(8,'Dishwasher(Máy rửa chén)',1,'2025-04-12 04:52:02','2025-04-19 07:46:57','OTHER',12414.00),(9,'Điện',1,'2025-05-19 16:14:10','2025-05-19 16:14:32','ELECTRIC',3000.00),(10,'Nước',1,'2025-05-19 16:14:22','2025-05-19 16:14:22','WATER',30000.00);
/*!40000 ALTER TABLE `service` ENABLE KEYS */;
UNLOCK TABLES;

--
-- Table structure for table `service_room`
--

DROP TABLE IF EXISTS `service_room`;
/*!40101 SET @saved_cs_client     = @@character_set_client */;
/*!50503 SET character_set_client = utf8mb4 */;
CREATE TABLE `service_room` (
  `ID` int NOT NULL AUTO_INCREMENT,
  `SERVICE_ID` int NOT NULL,
  `QUANTITY` int NOT NULL,
  `PRICE` decimal(10,2) NOT NULL,
  `CREATED_AT` timestamp NULL DEFAULT CURRENT_TIMESTAMP,
  `UPDATED_AT` timestamp NULL DEFAULT CURRENT_TIMESTAMP ON UPDATE CURRENT_TIMESTAMP,
  `STATUS` varchar(40) DEFAULT NULL,
  `CONTRACT_ID` int DEFAULT NULL,
  PRIMARY KEY (`ID`)
) ENGINE=InnoDB AUTO_INCREMENT=135 DEFAULT CHARSET=utf8mb4 COLLATE=utf8mb4_0900_ai_ci;
/*!40101 SET character_set_client = @saved_cs_client */;

--
-- Dumping data for table `service_room`
--

LOCK TABLES `service_room` WRITE;
/*!40000 ALTER TABLE `service_room` DISABLE KEYS */;
INSERT INTO `service_room` VALUES (1,1,1,1000.00,'2023-10-01 00:00:00','2025-04-13 08:47:49','ERROR',1),(2,2,1,2000.00,'2023-10-01 00:00:00','2025-04-13 08:47:49','ERROR',1),(3,3,1,3000.00,'2023-10-01 00:00:00','2025-04-13 08:47:49','ACTIVE',1),(4,4,1,4000.00,'2023-10-01 00:00:00','2025-04-13 08:47:49','ACTIVE',1),(5,5,1,5000.00,'2023-10-01 00:00:00','2025-04-13 08:47:49','ACTIVE',1),(6,6,1,6000.00,'2023-10-01 00:00:00','2025-04-15 16:34:23','ERROR',1),(7,7,1,7000.00,'2023-10-01 00:00:00','2025-04-13 08:47:49','ACTIVE',1),(8,8,1,8000.00,'2023-10-01 00:00:00','2025-04-13 08:47:49','ACTIVE',1),(9,1,1,150000.00,'2025-04-19 07:46:03','2025-04-19 07:46:03',NULL,9),(15,1,10,123123.00,'2025-05-10 01:31:20','2025-05-10 01:31:20','ACTIVE',15),(16,2,1,34324.00,'2025-05-10 01:31:20','2025-05-10 01:31:20','ACTIVE',15),(17,3,1,1237867.00,'2025-05-10 01:31:20','2025-05-10 01:31:20','ACTIVE',15),(18,4,1,4545.00,'2025-05-10 01:31:20','2025-05-10 01:31:20','ACTIVE',15),(19,5,1,4545.00,'2025-05-10 01:31:20','2025-05-10 01:31:20','ACTIVE',15),(20,6,1,4545.00,'2025-05-10 01:31:20','2025-05-10 01:31:20','ACTIVE',15),(21,7,1,2414.00,'2025-05-10 01:31:20','2025-05-10 01:31:20','ACTIVE',15),(22,8,1,12414.00,'2025-05-10 01:31:20','2025-05-10 01:31:20','ACTIVE',15),(23,1,10,123123.00,'2025-05-10 04:39:30','2025-05-13 16:54:05','ERROR',16),(24,2,10,34324.00,'2025-05-10 04:39:30','2025-05-10 04:39:30','ACTIVE',16),(25,3,10,1237867.00,'2025-05-10 04:39:30','2025-05-10 04:39:30','ACTIVE',16),(26,4,1,4545.00,'2025-05-10 04:39:30','2025-05-10 04:39:30','ACTIVE',16),(27,5,1,4545.00,'2025-05-10 04:39:30','2025-05-10 04:39:30','ACTIVE',16),(28,6,1,4545.00,'2025-05-10 04:39:30','2025-05-10 04:39:30','ACTIVE',16),(29,7,1,2414.00,'2025-05-10 04:39:30','2025-05-10 04:39:30','ACTIVE',16),(30,8,1,12414.00,'2025-05-10 04:39:30','2025-05-10 04:39:30','ACTIVE',16),(31,1,1,123123.00,'2025-05-19 15:51:08','2025-05-19 15:51:08','ACTIVE',18),(32,2,1,34324.00,'2025-05-19 15:51:08','2025-05-19 15:51:08','ACTIVE',18),(33,3,1,1237867.00,'2025-05-19 15:51:08','2025-05-19 15:51:08','ACTIVE',18),(34,4,1,4545.00,'2025-05-19 15:51:08','2025-05-19 15:51:08','ACTIVE',18),(35,5,1,4545.00,'2025-05-19 15:51:08','2025-05-19 15:51:08','ACTIVE',18),(36,6,1,4545.00,'2025-05-19 15:51:08','2025-05-19 15:51:08','ACTIVE',18),(37,7,1,2414.00,'2025-05-19 15:51:08','2025-05-19 15:51:08','ACTIVE',18),(38,8,1,12414.00,'2025-05-19 15:51:08','2025-05-19 15:51:08','ACTIVE',18),(39,1,1,123123.00,'2025-05-19 15:53:14','2025-05-19 15:53:14','ACTIVE',19),(40,2,1,34324.00,'2025-05-19 15:53:14','2025-05-19 15:53:14','ACTIVE',19),(41,3,1,1237867.00,'2025-05-19 15:53:14','2025-05-19 15:53:14','ACTIVE',19),(42,4,1,4545.00,'2025-05-19 15:53:14','2025-05-19 15:53:14','ACTIVE',19),(43,5,1,4545.00,'2025-05-19 15:53:14','2025-05-19 15:53:14','ACTIVE',19),(44,6,1,4545.00,'2025-05-19 15:53:14','2025-05-19 15:53:14','ACTIVE',19),(45,7,1,2414.00,'2025-05-19 15:53:14','2025-05-19 15:53:14','ACTIVE',19),(46,8,1,12414.00,'2025-05-19 15:53:14','2025-05-19 15:53:14','ACTIVE',19),(47,1,1,123123.00,'2025-05-19 16:00:20','2025-05-19 16:00:20','ACTIVE',20),(48,2,1,34324.00,'2025-05-19 16:00:20','2025-05-19 16:00:20','ACTIVE',20),(49,3,1,1237867.00,'2025-05-19 16:00:20','2025-05-19 16:00:20','ACTIVE',20),(50,4,1,4545.00,'2025-05-19 16:00:20','2025-05-19 16:00:20','ACTIVE',20),(51,5,1,4545.00,'2025-05-19 16:00:20','2025-05-19 16:00:20','ACTIVE',20),(52,6,1,4545.00,'2025-05-19 16:00:20','2025-05-19 16:00:20','ACTIVE',20),(53,7,1,2414.00,'2025-05-19 16:00:20','2025-05-19 16:00:20','ACTIVE',20),(54,8,1,12414.00,'2025-05-19 16:00:20','2025-05-19 16:00:20','ACTIVE',20),(55,1,1,123123.00,'2025-05-19 16:02:34','2025-05-19 16:02:34','ACTIVE',21),(56,2,1,34324.00,'2025-05-19 16:02:34','2025-05-19 16:02:34','ACTIVE',21),(57,3,1,1237867.00,'2025-05-19 16:02:34','2025-05-19 16:02:34','ACTIVE',21),(58,4,1,4545.00,'2025-05-19 16:02:34','2025-05-19 16:02:34','ACTIVE',21),(59,5,1,4545.00,'2025-05-19 16:02:34','2025-05-19 16:02:34','ACTIVE',21),(60,6,1,4545.00,'2025-05-19 16:02:34','2025-05-19 16:02:34','ACTIVE',21),(61,7,1,2414.00,'2025-05-19 16:02:34','2025-05-19 16:02:34','ACTIVE',21),(62,8,1,12414.00,'2025-05-19 16:02:34','2025-05-19 16:02:34','ACTIVE',21),(63,1,1,123123.00,'2025-05-19 16:05:02','2025-05-19 16:05:02','ACTIVE',22),(64,2,1,34324.00,'2025-05-19 16:05:02','2025-05-19 16:05:02','ACTIVE',22),(65,3,1,1237867.00,'2025-05-19 16:05:02','2025-05-19 16:05:02','ACTIVE',22),(66,4,1,4545.00,'2025-05-19 16:05:02','2025-05-19 16:05:02','ACTIVE',22),(67,5,1,4545.00,'2025-05-19 16:05:02','2025-05-19 16:05:02','ACTIVE',22),(68,6,1,4545.00,'2025-05-19 16:05:02','2025-05-19 16:05:02','ACTIVE',22),(69,7,1,2414.00,'2025-05-19 16:05:02','2025-05-19 16:05:02','ACTIVE',22),(70,8,1,12414.00,'2025-05-19 16:05:02','2025-05-19 16:05:02','ACTIVE',22),(71,1,1,123123.00,'2025-05-19 16:08:52','2025-05-19 16:08:52','ACTIVE',23),(72,2,1,34324.00,'2025-05-19 16:08:52','2025-05-19 16:08:52','ACTIVE',23),(73,3,1,1237867.00,'2025-05-19 16:08:52','2025-05-19 16:08:52','ACTIVE',23),(74,4,1,4545.00,'2025-05-19 16:08:52','2025-05-19 16:08:52','ACTIVE',23),(75,5,1,4545.00,'2025-05-19 16:08:52','2025-05-19 16:08:52','ACTIVE',23),(76,6,1,4545.00,'2025-05-19 16:08:52','2025-05-19 16:08:52','ACTIVE',23),(77,7,1,2414.00,'2025-05-19 16:08:52','2025-05-19 16:08:52','ACTIVE',23),(78,8,1,12414.00,'2025-05-19 16:08:52','2025-05-19 16:08:52','ACTIVE',23),(79,1,1,123123.00,'2025-05-19 16:10:55','2025-05-19 16:10:55','ACTIVE',24),(80,2,1,34324.00,'2025-05-19 16:10:55','2025-05-19 16:10:55','ACTIVE',24),(81,3,1,1237867.00,'2025-05-19 16:10:55','2025-05-19 16:10:55','ACTIVE',24),(82,4,1,4545.00,'2025-05-19 16:10:55','2025-05-19 16:10:55','ACTIVE',24),(83,5,1,4545.00,'2025-05-19 16:10:55','2025-05-19 16:10:55','ACTIVE',24),(84,6,1,4545.00,'2025-05-19 16:10:55','2025-05-19 16:10:55','ACTIVE',24),(85,7,1,2414.00,'2025-05-19 16:10:55','2025-05-19 16:10:55','ACTIVE',24),(86,8,1,12414.00,'2025-05-19 16:10:55','2025-05-19 16:10:55','ACTIVE',24),(87,1,1,123123.00,'2025-05-19 16:13:04','2025-05-19 16:13:04','ACTIVE',25),(88,2,1,34324.00,'2025-05-19 16:13:04','2025-05-19 16:13:04','ACTIVE',25),(89,3,1,1237867.00,'2025-05-19 16:13:04','2025-05-19 16:13:04','ACTIVE',25),(90,4,1,4545.00,'2025-05-19 16:13:04','2025-05-19 16:13:04','ACTIVE',25),(91,5,1,4545.00,'2025-05-19 16:13:04','2025-05-19 16:13:04','ACTIVE',25),(92,6,1,4545.00,'2025-05-19 16:13:04','2025-05-19 16:13:04','ACTIVE',25),(93,7,1,2414.00,'2025-05-19 16:13:04','2025-05-19 16:13:04','ACTIVE',25),(94,8,1,12414.00,'2025-05-19 16:13:04','2025-05-19 16:13:04','ACTIVE',25),(95,1,10,10000.00,'2025-05-20 17:27:21','2025-05-20 17:27:21','ACTIVE',26),(96,2,1,34324.00,'2025-05-20 17:27:21','2025-05-20 17:27:21','ACTIVE',26),(97,3,1,1237867.00,'2025-05-20 17:27:21','2025-05-20 17:27:21','ACTIVE',26),(98,4,1,4545.00,'2025-05-20 17:27:21','2025-05-20 17:27:21','ACTIVE',26),(99,5,1,4545.00,'2025-05-20 17:27:21','2025-05-20 17:27:21','ACTIVE',26),(100,6,1,4545.00,'2025-05-20 17:27:21','2025-05-20 17:27:21','ACTIVE',26),(101,7,1,2414.00,'2025-05-20 17:27:21','2025-05-20 17:27:21','ACTIVE',26),(102,8,1,12414.00,'2025-05-20 17:27:21','2025-05-20 17:27:21','ACTIVE',26),(103,9,1,3000.00,'2025-05-20 17:27:21','2025-05-20 17:27:21','ACTIVE',26),(104,10,1,30000.00,'2025-05-20 17:27:21','2025-05-20 17:27:21','ACTIVE',26),(105,1,1,1000.00,'2025-05-20 17:43:37','2025-05-20 17:43:37','ACTIVE',27),(106,2,1,34324.00,'2025-05-20 17:43:37','2025-05-20 17:43:37','ACTIVE',27),(107,3,1,1237867.00,'2025-05-20 17:43:37','2025-05-20 17:43:37','ACTIVE',27),(108,4,1,4545.00,'2025-05-20 17:43:37','2025-05-20 17:43:37','ACTIVE',27),(109,5,1,4545.00,'2025-05-20 17:43:37','2025-05-20 17:43:37','ACTIVE',27),(110,6,1,4545.00,'2025-05-20 17:43:37','2025-05-20 17:43:37','ACTIVE',27),(111,7,1,2414.00,'2025-05-20 17:43:37','2025-05-20 17:43:37','ACTIVE',27),(112,8,1,12414.00,'2025-05-20 17:43:37','2025-05-20 17:43:37','ACTIVE',27),(113,9,1,3000.00,'2025-05-20 17:43:37','2025-05-20 17:43:37','ACTIVE',27),(114,10,1,30000.00,'2025-05-20 17:43:37','2025-05-20 17:43:37','ACTIVE',27),(115,1,10,10000.00,'2025-05-20 17:52:15','2025-05-20 17:52:15','ACTIVE',28),(116,1,1,8888.00,'2025-05-20 17:54:18','2025-05-20 17:54:18','ACTIVE',29),(117,8,1,12414.00,'2025-05-20 17:54:18','2025-05-20 17:54:18','ACTIVE',29),(118,9,1,3000.00,'2025-05-20 17:54:18','2025-05-20 17:54:18','ACTIVE',29),(119,10,1,30000.00,'2025-05-20 17:54:18','2025-05-20 17:54:18','ACTIVE',29),(120,1,1,9999.00,'2025-05-20 17:56:18','2025-05-20 17:56:18','ACTIVE',30),(121,9,1,3000.00,'2025-05-20 17:56:18','2025-05-20 17:56:18','ACTIVE',30),(122,10,1,30000.00,'2025-05-20 17:56:18','2025-05-20 17:56:18','ACTIVE',30),(123,1,23,2323.00,'2025-05-20 17:57:20','2025-05-20 17:57:20','ACTIVE',31),(124,1,1,1000.00,'2025-05-20 17:58:59','2025-05-20 17:58:59','ACTIVE',32),(125,1,1,123123.00,'2025-05-21 17:33:44','2025-05-21 17:33:44','ACTIVE',33),(126,9,1,3000.00,'2025-05-21 17:33:44','2025-05-21 17:33:44','ACTIVE',33),(130,1,15,10000.00,'2025-05-21 18:22:55','2025-05-21 18:22:55','ACTIVE',37),(131,8,15,12414.00,'2025-05-21 18:22:55','2025-05-21 18:22:55','ACTIVE',37),(132,9,15,3000.00,'2025-05-21 18:22:55','2025-05-21 18:22:55','ACTIVE',37),(134,1,100,123123.00,'2025-05-24 08:30:14','2025-05-24 08:30:14','ACTIVE',41);
/*!40000 ALTER TABLE `service_room` ENABLE KEYS */;
UNLOCK TABLES;

--
-- Table structure for table `user`
--

DROP TABLE IF EXISTS `user`;
/*!40101 SET @saved_cs_client     = @@character_set_client */;
/*!50503 SET character_set_client = utf8mb4 */;
CREATE TABLE `user` (
  `ID` int NOT NULL AUTO_INCREMENT,
  `FULLNAME` varchar(100) NOT NULL,
  `EMAIL` varchar(100) NOT NULL,
  `CCCD` varchar(20) NOT NULL,
  `PHONE_NUMBER` varchar(20) NOT NULL,
  `PERMANENT_ADDRESS` text,
  `DATE_OF_BIRTH` date DEFAULT NULL,
  `RECORDED_AT` date DEFAULT NULL,
  `LICENSE_PLATE_NUMBER` varchar(20) DEFAULT NULL,
  `NOTE` text,
  `USERNAME` varchar(50) NOT NULL,
  `PASSWORD` varchar(255) NOT NULL,
  `CREATED_AT` timestamp NULL DEFAULT CURRENT_TIMESTAMP,
  `UPDATED_AT` timestamp NULL DEFAULT CURRENT_TIMESTAMP ON UPDATE CURRENT_TIMESTAMP,
  `ACTIVE` tinyint(1) NOT NULL DEFAULT '1',
  `TRANSACTION_ID` varchar(100) DEFAULT NULL,
  `STATUS` varchar(20) CHARACTER SET utf8mb3 COLLATE utf8mb3_general_ci DEFAULT NULL,
  PRIMARY KEY (`ID`),
  UNIQUE KEY `USERNAME` (`USERNAME`)
) ENGINE=InnoDB AUTO_INCREMENT=175 DEFAULT CHARSET=utf8mb4 COLLATE=utf8mb4_0900_ai_ci;
/*!40101 SET character_set_client = @saved_cs_client */;

--
-- Dumping data for table `user`
--

LOCK TABLES `user` WRITE;
/*!40000 ALTER TABLE `user` DISABLE KEYS */;
INSERT INTO `user` VALUES (1,'Nguyễn Hoàng Bảo','bao.nh204515@sis.hust.edu.vn','fdsa','0389649693','Nguyễn Đức Cảnh',NULL,NULL,NULL,NULL,'baonh2','$2a$10$iO5tqoLqW34tQp22Xt7EdOIvs2Aho5fAmfGqn1tbQynu2z/wIYnki','2025-03-30 16:43:46','2025-04-15 17:52:04',1,NULL,'ACTIVE'),(6,'Hoàng Bảo','baodaoc1@gmail.com','Nguyễn Hoàng Bảo32','0564568767','Nguyễn Huệ',NULL,NULL,NULL,NULL,'123','$2a$10$iO5tqoLqW34tQp22Xt7EdOIvs2Aho5fAmfGqn1tbQynu2z','2025-03-31 14:33:04','2025-04-15 16:00:14',1,NULL,'ACTIVE'),(8,'Hoàng Bảo','baodaoc1@gmail.com','432432','0564568767','Nguyễn Huệ',NULL,NULL,NULL,NULL,'342','$2a$10$iO5tqoLqW34tQp22Xt7EdOIvs2Aho5fAmfGqn1tbQynu2z','2025-03-31 14:43:45','2025-04-15 16:00:14',1,NULL,'ACTIVE'),(9,'Hoàng Bảo','baodaoc1@gmail.com','xx','0564568767','Nguyễn Huệ',NULL,NULL,NULL,NULL,'x','$2a$10$iO5tqoLqW34tQp22Xt7EdOIvs2Aho5fAmfGqn1tbQynu2z','2025-03-31 14:57:06','2025-04-15 16:00:14',1,NULL,'ACTIVE'),(12,'Hoàng Bảo','baodaoc1@gmail.com','33','0564568767','Nguyễn Huệ',NULL,NULL,NULL,NULL,'123333','$2a$10$iO5tqoLqW34tQp22Xt7EdOIvs2Aho5fAmfGqn1tbQynu2z','2025-03-31 15:00:32','2025-04-15 16:00:14',1,NULL,'ACTIVE'),(61,'Trần Thị Thu','tranthithu@example.com','123456789061','0123456761','456 Elm St','1992-02-02','2023-10-01','61B-67890','Ghi chú 61','tranthithu','password61','2023-10-01 00:00:00','2023-10-01 00:00:00',1,'transaction-61','ACTIVE'),(62,'Lê Văn Hùng','levanhung@example.com','123456789062','0123456762','789 Oak St','1985-03-03','2023-10-01','62C-34567','Ghi chú 62','levanhung','password62','2023-10-01 00:00:00','2023-10-01 00:00:00',1,'transaction-62','ACTIVE'),(63,'Phạm Thị Hồng','phamthihong@example.com','123456789063','0123456763','321 Pine St','1988-04-04','2023-10-01','63D-45678','Ghi chú 63','phamthihong','password63','2023-10-01 00:00:00','2023-10-01 00:00:00',1,'transaction-63','ACTIVE'),(64,'Hoàng Văn Phong','hoangvanphong@example.com','123456789064','0123456764','654 Maple St','1995-05-05','2023-10-01','64E-56789','Ghi chú 64','hoangvanphong','password64','2023-10-01 00:00:00','2023-10-01 00:00:00',1,'transaction-64','ACTIVE'),(65,'Nguyễn Thị Tuyết','nguyenthituyet@example.com','123456789065','0123456765','987 Cedar St','1993-06-06','2023-10-01','65F-67890','Ghi chú 65','nguyenthituyet','password65','2023-10-01 00:00:00','2023-10-01 00:00:00',1,'transaction-65','ACTIVE'),(66,'Trần Văn Sơn','tranvanson@example.com','123456789066','0123456766','123 Birch St','1987-07-07','2023-10-01','66G-78901','Ghi chú 66','tranvanson','password66','2023-10-01 00:00:00','2023-10-01 00:00:00',1,'transaction-66','ACTIVE'),(67,'Lê Thị Thanh','lethithanh@example.com','123456789067','0123456767','456 Walnut St','1991-08-08','2023-10-01','67H-89012','Ghi chú 67','lethithanh','password67','2023-10-01 00:00:00','2023-10-01 00:00:00',1,'transaction-67','ACTIVE'),(68,'Phạm Văn Đức','phamvanduc@example.com','123456789068','0123456768','789 Chestnut St','1989-09-09','2023-10-01','68I-90123','Ghi chú 68','phamvanduc','password68','2023-10-01 00:00:00','2023-10-01 00:00:00',1,'transaction-68','ACTIVE'),(69,'Hoàng Thị Yến','hoangthiyen@example.com','123456789069','0123456769','321 Spruce St','1994-10-10','2023-10-01','69J-01234','Ghi chú 69','hoangthiyen','password69','2023-10-01 00:00:00','2023-10-01 00:00:00',1,'transaction-69','ACTIVE'),(70,'Nguyễn Văn Dũng','nguyenvandung@example.com','123456789070','0123456770','123 Main St','1990-01-01','2023-10-01','70A-12345','Ghi chú 70','nguyenvandung','password70','2023-10-01 00:00:00','2023-10-01 00:00:00',1,'transaction-70','ACTIVE'),(71,'Nguyễn Văn An','nguyenvanan@example.com','123456789071','0123456771','456 Elm St','1992-02-02','2023-10-01','71B-23456','Ghi chú 71','nguyenvanan','password71','2023-10-01 00:00:00','2023-10-01 00:00:00',1,'transaction-71','ACTIVE'),(72,'Trần Thị Bích','tranthibich@example.com','123456789072','0123456772','789 Oak St','1993-03-03','2023-10-01','72C-34567','Ghi chú 72','tranthibich','password72','2023-10-01 00:00:00','2023-10-01 00:00:00',1,'transaction-72','ACTIVE'),(73,'Lê Văn Cường','levancuong@example.com','123456789073','0123456773','123 Pine St','1994-04-04','2023-10-01','73D-45678','Ghi chú 73','levancuong','password73','2023-10-01 00:00:00','2023-10-01 00:00:00',1,'transaction-73','ACTIVE'),(74,'Phạm Thị Dung','phamthidung@example.com','123456789074','0123456774','456 Fir St','1995-05-05','2023-10-01','74E-56789','Ghi chú 74','phamthidung','password74','2023-10-01 00:00:00','2023-10-01 00:00:00',1,'transaction-74','ACTIVE'),(75,'Nguyễn Văn Đạt','nguyenvandat@example.com','123456789075','0123456775','789 Willow St','1996-06-06','2023-10-01','75F-67890','Ghi chú 75','nguyenvandat','password75','2023-10-01 00:00:00','2023-10-01 00:00:00',1,'transaction-75','ACTIVE'),(76,'Trần Thị Hạnh','tranthihanh@example.com','123456789076','0123456776','123 Poplar St','1997-07-07','2023-10-01','76G-78901','Ghi chú 76','tranthihanh','password76','2023-10-01 00:00:00','2023-10-01 00:00:00',1,'transaction-76','ACTIVE'),(78,'Phạm Thị Lan','phamthilan@example.com','123456789078','0123456778','789 Redwood St','1999-09-09','2023-10-01','78I-90123','Ghi chú 78','phamthilan','password78','2023-10-01 00:00:00','2023-10-01 00:00:00',1,'transaction-78','ACTIVE'),(79,'Nguyễn Văn Minh','nguyenvanminh@example.com','123456789079','0123456779','123 Sequoia St','2000-10-10','2023-10-01','79J-01234','Ghi chú 79','nguyenvanminh','password79','2023-10-01 00:00:00','2023-10-01 00:00:00',1,'transaction-79','ACTIVE'),(80,'Trần Thị Ngọc','tranthingoc@example.com','123456789080','0123456780','456 Magnolia St','2001-11-11','2023-10-01','80K-12345','Ghi chú 80','tranthingoc','password80','2023-10-01 00:00:00','2023-10-01 00:00:00',1,'transaction-80','ACTIVE'),(81,'Hoang Bao','baonh2@gmail.com','123456789','0987654321',NULL,NULL,NULL,NULL,NULL,'baonh22','$2a$10$iO5tqoLqW34tQp22Xt7EdOIvs2Aho5fAmfGqn1tbQynu2z/wIYnki','2025-04-15 15:37:32','2025-04-15 16:02:16',1,NULL,NULL),(83,'Nguyen Van   b ','nguyenvana@example.com','123456789012','0909123456','123 Street, Hanoi',NULL,NULL,NULL,'Main tenant','nguyedbvbvf','$2a$10$cTPdImCvCbrV.gZd8nMuseNbuqmmsLXNLh.lolvPN8hoCZ3sIRywe',NULL,NULL,1,'794282eb-fb7f-4f22-914f-ff4f65b1bafb',NULL),(84,'Tran Thi Bdf','tranthib@example.com','987654321098','0918234567','456 Road, HCMC',NULL,NULL,NULL,'Co-tenant','trxcxcib','$2a$10$KPWLC6Z6uM54iUNBKisHVu5RrwanA5MRfm/uyGK5i8iB1RjjfkY8e',NULL,NULL,1,'794282eb-fb7f-4f22-914f-ff4f65b1bafb',NULL),(87,'Nguyen Van   b ','1234@example.com','123456789012','0909123456','123 Street, Hanoi',NULL,NULL,NULL,'Main tenant','142','$2a$10$FmUeA4Mj6PfNJ0KIzY1k5.iy8s3wd3z8SIPW6M1aZGscd7Oc78snO',NULL,NULL,1,'e9e56b5f-6d8c-416c-8a21-b98ab46626dc',NULL),(88,'Tran Thi Bdf','aaa@example.com','987654321098','0918234567','456 Road, HCMC',NULL,NULL,NULL,'Co-tenant','123123b','$2a$10$o36hfBDgcNQ8sozwXOdc5Oj/12VMZznAfloVuPh9gDp27WpnoKHXS',NULL,NULL,1,'e9e56b5f-6d8c-416c-8a21-b98ab46626dc',NULL),(89,'Nguyen Van   b ','1234@example.com','123456789012','0909123456','123 Street, Hanoi',NULL,NULL,NULL,'Main tenant','142d','$2a$10$LpLxa7MCQtzzfrz2yK5reuzjnxNiCIn7dsMr/8jg3avd3ncdygLi6',NULL,NULL,1,'68a597bb-b4bb-4b46-a092-ff943d9a254e',NULL),(90,'Tran Thi Bdf','aaa@example.com','987654321098','0918234567','456 Road, HCMC',NULL,NULL,NULL,'Co-tenant','123123db','$2a$10$7o6SchFa0STwEOiN4pkliunZxjT6F1fd6/Gqu6g5HzECnU1njMOtq',NULL,NULL,1,'68a597bb-b4bb-4b46-a092-ff943d9a254e',NULL),(99,'Nguyen Van   b ','1234@example.com','123456789012','0909123456','123 Street, Hanoi',NULL,NULL,NULL,'Main tenant','992d','$2a$10$gWWw3thrruWibTd/R8Cl6ubTIPvtJ3vWxZ7OUwuqbEik0Udtoo/J6',NULL,NULL,1,'515b92c2-abdf-452a-bcbc-4d1567bb5825',NULL),(100,'Tran Thi Bdf','aaa@example.com','987654321098','0918234567','456 Road, HCMC',NULL,NULL,NULL,'Co-tenant','1999fb','$2a$10$LCChEr1EZ9HknI9SZndb3uyc7VagpzWNPWgD4CBFspmOp8s9s7you',NULL,NULL,1,'515b92c2-abdf-452a-bcbc-4d1567bb5825',NULL),(145,'anhhiqu2','123@gmail.com','123','123123','456 Road, HCMC',NULL,NULL,'75F-67890',NULL,'anhhiqu2','$2a$10$NnW8Ayiwb/2lpnoIazAs4eDT0YybwrIdRLRkNH8W/MhdRi.6ydj/O',NULL,'2025-05-10 03:30:57',1,'5d3006b4-d6a2-4e39-a741-6be84108fec2',NULL),(146,'anhhieu','123@gmail.com','123','123','456 Road, HCMC',NULL,NULL,'75F-67890',NULL,'anhhieu','$2a$10$.Wj5vTXpfE2d5ggQE.iUpOVqDSjehSp9VJW4dG5yURv2vL3LgClUO',NULL,'2025-05-10 03:30:57',1,'5d3006b4-d6a2-4e39-a741-6be84108fec2',NULL),(147,'thị quynh3','123@gmail.com','123','123',NULL,NULL,NULL,NULL,NULL,'thị quynh3','$2a$10$erNMHBg1iyngj4lkZ5iLbOr0zGpeHffJu75VKYnOPDVa1G4a0C3M.',NULL,NULL,1,'3989c05c-2f93-4191-a59b-0494088446a1',NULL),(148,'thị quynh','123@gmail.com','123','123','hiêp sơn',NULL,NULL,NULL,NULL,'thị quynh','$2a$10$GUq3IzfdX7h0FZGDLfdJ3uRy8Wbm/qzhRAvFMpdnEp6MDr9cBtSdG',NULL,'2025-05-13 16:52:12',1,'3989c05c-2f93-4191-a59b-0494088446a1',NULL),(149,'thị quynh44','123@gmail.com','123','123123','',NULL,NULL,'',NULL,'thị quynh44','$2a$10$7sAOnSz16CgV3PqWbF4m2eUiAA4zgJ0RArjtR5063JRwRUkFT8yB.',NULL,NULL,1,'120cb7f5-ff71-49eb-a7f9-f027ad9d4415',NULL),(151,'thị quynh2','123@gmail.com','123','123123','',NULL,NULL,'',NULL,'thị quynh2','$2a$10$ZAMy.p8E5ggRKUg3PJIIGOiZtP1AGjVS9QQpWerSeNDAOZhqikqI2',NULL,NULL,1,'77c99664-ce49-434f-86cd-c742bdcc79a8',NULL),(152,'233','123@gmail.com','123','123123','',NULL,NULL,'',NULL,'233','$2a$10$/olFTuoFiwW910GSOefqVulYmE.m8qFYZjodZegWkda5DOGYeBJ0W',NULL,NULL,1,'c866a805-8646-4d24-bc46-ca33cc4cb4ef',NULL),(153,'thị quynhn','123@gmail.com','123','123123','',NULL,NULL,'',NULL,'thị quynhn','$2a$10$ewiv4bGJegwA0QzBS8MOi.zqcWhuY5vxlC2PzxrqM/BCxWmLzKPeu',NULL,NULL,1,'0594cf6b-6245-4d50-a2da-75091d577857',NULL),(154,'yhuyuyu','123@gmail.com','1232','123123','',NULL,NULL,'',NULL,'yhuyuyu','$2a$10$c7.n6.Neh2X3SaT8e2S6YeUFick1fB.qK3iOSJDeYNvy6weWzCsHa',NULL,NULL,1,'e85e1c68-45f3-441d-aa6a-b257c32ac019',NULL),(155,'thị quynhvcvb','123@gmail.com','123','123123','',NULL,NULL,'',NULL,'thị quynhvcvb','$2a$10$nZhQjr73.p71J5H6YJhp1eFqLJnLPW3hJ7TUskfC9Vo9NJkerqmcW',NULL,NULL,1,'ecc350ab-5030-4c47-abde-57ccd723b284',NULL),(156,'123bnbn','123@gmail.com','1232','123','',NULL,NULL,'',NULL,'123bnbn','$2a$10$EjGHj0HE.6hY5p7Kj.Flg.zuKemQ4o.xho.3F04T/ywmh/BJXXgOq',NULL,NULL,1,'bfd07ef9-6fdf-4f8c-b553-7b5e36b76710',NULL),(157,'dfdf','123@gmail.com','1232','123123','',NULL,NULL,'',NULL,'dfdf','$2a$10$xM/lgIECSiQ9MdroeZJri.Gv7QMM3VpeYWeq497GujKKA7uLqotpu',NULL,NULL,1,'b32aab3b-ee38-45bb-89b5-769a8813e215',NULL),(158,'anh hiếu 23','123@gmail.com','123','123123',NULL,NULL,NULL,NULL,NULL,'anh hiếu 23','$2a$10$ujtMC59i3G5iz7rhfhXOHuZHDupP160nUmUv5qdjBl4S7J4OrpIhu',NULL,NULL,1,'6271a681-e246-44b6-a945-246efcbee921',NULL),(159,'ANH HIÊU','123@gmail.com','99999','12433213','số 5 pham hùng',NULL,NULL,'',NULL,'ANH HIÊU','$2a$10$2J69yZvDHjivCQzEEYngauozSgIF03Cr62RIL9QePgEpQW8jh9EH.',NULL,NULL,1,'6271a681-e246-44b6-a945-246efcbee921',NULL),(160,'hieu1','123@gmail.com','1232','123123','123',NULL,NULL,'123',NULL,'hieu1','$2a$10$s3VKmch/gJ9AOpFQ2aondevqPwzLpBmg7FET0oijhoshZxpwndv7W',NULL,NULL,1,'e6666c24-0655-494b-bb7f-7d930ce6616f',NULL),(161,'hieu123','123@gmail.com','123','123123','',NULL,NULL,'',NULL,'hieu123','$2a$10$/cZP91fPTNLwPqh76vXyrubZTrjkTRTuLQfTXbrIyH9G1oT1H9iN6',NULL,NULL,1,'fc53b816-d260-4bf7-afa6-7c65b144ae48',NULL),(162,'23ll','123@gmail.com','123','123123','',NULL,NULL,'',NULL,'23ll','$2a$10$qZ/V/dZIaSRiQ6/g/7If8evobPNvJykd8CNys/cYR20Q/lLYm39uO',NULL,NULL,1,'748346de-80f7-491e-bfb8-f5fe9a9e1bff',NULL),(163,'thị quynhjjnkkl','123@gmail.com','123','123123','',NULL,NULL,'',NULL,'thị quynhjjnkkl','$2a$10$jmI4Q.jTDifZUzgC8YDqx.E.jJu6Te8OcIMZW7vfaJBib2cUW/eyK',NULL,NULL,1,'3cb6cad0-5a8d-419c-b855-47cacc7a528f',NULL),(164,'dfdfvchfgh','123@gmail.com','1232','123123','',NULL,NULL,'',NULL,'dfdfvchfgh','$2a$10$c2fVs9Pzt7.TvSlMKUWG2.zdhKcfTab70dXXhoDdcH.YYac.og2mW',NULL,NULL,1,'c9dc7fe5-fdc9-4c9e-9ba2-c8fcbbfe620b',NULL),(165,'dsfdfdfffgfg','123@gmail.com','123','123','',NULL,NULL,'',NULL,'dsfdfdfffgfg','$2a$10$HAQuO.88wwQ8PgiqphFguusLTQR3J2sEkED8nHrOEMGlArZq37qS.',NULL,NULL,1,'2fdd033c-b669-4577-83a9-a5cda5bde7c0',NULL),(166,'oke man','123@gmail.com','123','123123','',NULL,NULL,'',NULL,'oke man','$2a$10$q8VhyZ0jIZQNNwFeEt5wA.wwi5nmn.z5PcMOD8Sc83AiGARuF8Zhq',NULL,NULL,1,'d53ca33e-51c7-47bd-bdcf-c072429726fe',NULL),(170,'444rrrr','123@gmail.com','123','123123','eeee',NULL,NULL,'123',NULL,'444rrrr','$2a$10$ogOvGv4BlDuHBoyfvuxpl.asQS4OGNMFGJbdpFrEcqbnQ3XDIq18W',NULL,NULL,1,'f91253ce-4fee-48ee-8067-7c2857e3ace3',NULL),(174,'henry','123@gmail.com','123','123123','',NULL,NULL,'',NULL,'henry','$2a$10$U.vGkH2DiN7LWDqL/210sO9wgLZqCIVVv61oR/7SgKsAZSl.PSOUS',NULL,NULL,1,'82c71cda-dac9-449a-b55e-e52a6542a88c',NULL);
/*!40000 ALTER TABLE `user` ENABLE KEYS */;
UNLOCK TABLES;

--
-- Table structure for table `user_role`
--

DROP TABLE IF EXISTS `user_role`;
/*!40101 SET @saved_cs_client     = @@character_set_client */;
/*!50503 SET character_set_client = utf8mb4 */;
CREATE TABLE `user_role` (
  `ID` int NOT NULL AUTO_INCREMENT,
  `USER_ID` int NOT NULL,
  `ROLE_ID` int NOT NULL,
  `CREATED_AT` timestamp NULL DEFAULT CURRENT_TIMESTAMP,
  `UPDATED_AT` timestamp NULL DEFAULT CURRENT_TIMESTAMP ON UPDATE CURRENT_TIMESTAMP,
  PRIMARY KEY (`ID`)
) ENGINE=InnoDB AUTO_INCREMENT=78 DEFAULT CHARSET=utf8mb4 COLLATE=utf8mb4_0900_ai_ci;
/*!40101 SET character_set_client = @saved_cs_client */;

--
-- Dumping data for table `user_role`
--

LOCK TABLES `user_role` WRITE;
/*!40000 ALTER TABLE `user_role` DISABLE KEYS */;
INSERT INTO `user_role` VALUES (1,1,1,'2025-04-19 07:06:19','2025-05-24 08:48:50'),(2,84,1,'2025-04-19 07:06:19','2025-04-19 07:06:19'),(3,87,1,'2025-04-19 07:23:07','2025-04-19 07:23:07'),(4,88,1,'2025-04-19 07:23:07','2025-04-19 07:23:07'),(5,89,1,'2025-04-19 07:24:54','2025-04-19 07:24:54'),(6,90,1,'2025-04-19 07:24:54','2025-04-19 07:24:54'),(15,99,1,'2025-04-19 07:46:03','2025-04-19 07:46:03'),(16,100,1,'2025-04-19 07:46:03','2025-04-19 07:46:03'),(49,145,2,'2025-05-10 01:31:20','2025-05-10 01:31:20'),(50,146,2,'2025-05-10 01:31:20','2025-05-10 01:31:20'),(51,147,2,'2025-05-10 04:39:30','2025-05-10 04:39:30'),(52,148,2,'2025-05-10 04:39:30','2025-05-10 04:39:30'),(53,149,2,'2025-05-19 15:51:08','2025-05-19 15:51:08'),(54,151,2,'2025-05-19 15:53:14','2025-05-19 15:53:14'),(55,152,2,'2025-05-19 16:00:20','2025-05-19 16:00:20'),(56,153,2,'2025-05-19 16:02:34','2025-05-19 16:02:34'),(57,154,2,'2025-05-19 16:05:02','2025-05-19 16:05:02'),(58,155,2,'2025-05-19 16:08:52','2025-05-19 16:08:52'),(59,156,2,'2025-05-19 16:10:55','2025-05-19 16:10:55'),(60,157,2,'2025-05-19 16:13:04','2025-05-19 16:13:04'),(61,158,2,'2025-05-20 17:27:21','2025-05-20 17:27:21'),(62,159,2,'2025-05-20 17:27:21','2025-05-20 17:27:21'),(63,160,2,'2025-05-20 17:43:37','2025-05-20 17:43:37'),(64,161,2,'2025-05-20 17:52:15','2025-05-20 17:52:15'),(65,162,2,'2025-05-20 17:54:18','2025-05-20 17:54:18'),(66,163,2,'2025-05-20 17:56:18','2025-05-20 17:56:18'),(67,164,2,'2025-05-20 17:57:20','2025-05-20 17:57:20'),(68,165,2,'2025-05-20 17:58:59','2025-05-20 17:58:59'),(69,166,2,'2025-05-21 17:33:43','2025-05-21 17:33:43'),(73,170,2,'2025-05-21 18:22:55','2025-05-21 18:22:55'),(77,174,2,'2025-05-24 08:30:14','2025-05-24 08:30:14');
/*!40000 ALTER TABLE `user_role` ENABLE KEYS */;
UNLOCK TABLES;

--
-- Table structure for table `utility_index`
--

DROP TABLE IF EXISTS `utility_index`;
/*!40101 SET @saved_cs_client     = @@character_set_client */;
/*!50503 SET character_set_client = utf8mb4 */;
CREATE TABLE `utility_index` (
  `ID` int NOT NULL AUTO_INCREMENT,
  `ROOM_ID` int NOT NULL,
  `ELECTRIC_OLD_INDEX` int NOT NULL,
  `ELECTRIC_NEW_INDEX` int NOT NULL,
  `ELECTRIC_USAGE` int NOT NULL,
  `WATER_OLD_INDEX` int NOT NULL,
  `WATER_NEW_INDEX` int NOT NULL,
  `WATER_USAGE` int NOT NULL,
  `CREATED_AT` timestamp NULL DEFAULT CURRENT_TIMESTAMP,
  `UPDATED_AT` timestamp NULL DEFAULT CURRENT_TIMESTAMP ON UPDATE CURRENT_TIMESTAMP,
  `MONTH_MEASURE` int DEFAULT NULL,
  `YEAR_MEASURE` int DEFAULT NULL,
  PRIMARY KEY (`ID`)
) ENGINE=InnoDB AUTO_INCREMENT=28 DEFAULT CHARSET=utf8mb4 COLLATE=utf8mb4_0900_ai_ci;
/*!40101 SET character_set_client = @saved_cs_client */;

--
-- Dumping data for table `utility_index`
--

LOCK TABLES `utility_index` WRITE;
/*!40000 ALTER TABLE `utility_index` DISABLE KEYS */;
INSERT INTO `utility_index` VALUES (24,2,1,2,1,1,2,1,'2025-05-19 15:44:21','2025-05-19 15:44:21',5,2025),(25,5,1,3,2,1,32,31,'2025-05-21 17:27:59','2025-05-21 17:27:59',5,2025),(26,25,1,11,10,1,11,10,'2025-05-21 18:24:25','2025-05-21 18:24:25',5,2025),(27,26,1,19,18,1,1,0,'2025-05-24 08:30:58','2025-05-24 08:30:58',5,2025);
/*!40000 ALTER TABLE `utility_index` ENABLE KEYS */;
UNLOCK TABLES;
/*!40103 SET TIME_ZONE=@OLD_TIME_ZONE */;

/*!40101 SET SQL_MODE=@OLD_SQL_MODE */;
/*!40014 SET FOREIGN_KEY_CHECKS=@OLD_FOREIGN_KEY_CHECKS */;
/*!40014 SET UNIQUE_CHECKS=@OLD_UNIQUE_CHECKS */;
/*!40101 SET CHARACTER_SET_CLIENT=@OLD_CHARACTER_SET_CLIENT */;
/*!40101 SET CHARACTER_SET_RESULTS=@OLD_CHARACTER_SET_RESULTS */;
/*!40101 SET COLLATION_CONNECTION=@OLD_COLLATION_CONNECTION */;
/*!40111 SET SQL_NOTES=@OLD_SQL_NOTES */;

-- Dump completed on 2025-05-24 15:50:28
